-- phpMyAdmin SQL Dump
-- version 5.2.0
-- https://www.phpmyadmin.net/
--
-- Hôte : localhost:8889
-- Généré le : lun. 01 mai 2023 à 20:31
-- Version du serveur : 5.7.39
-- Version de PHP : 8.2.0

SET SQL_MODE = "NO_AUTO_VALUE_ON_ZERO";
START TRANSACTION;
SET time_zone = "+00:00";


/*!40101 SET @OLD_CHARACTER_SET_CLIENT=@@CHARACTER_SET_CLIENT */;
/*!40101 SET @OLD_CHARACTER_SET_RESULTS=@@CHARACTER_SET_RESULTS */;
/*!40101 SET @OLD_COLLATION_CONNECTION=@@COLLATION_CONNECTION */;
/*!40101 SET NAMES utf8mb4 */;

--
-- Base de données : `gotravel`
--

-- --------------------------------------------------------

--
-- Structure de la table `Aeroports`
--

CREATE TABLE `Aeroports` (
  `Id_Aero` int(11) NOT NULL,
  `Nom` varchar(30) NOT NULL,
  `Code_AITA` char(3) NOT NULL,
  `Ville` varchar(30) NOT NULL,
  `Pays` varchar(30) NOT NULL
) ENGINE=InnoDB DEFAULT CHARSET=utf8mb4;

--
-- Déchargement des données de la table `Aeroports`
--

INSERT INTO `Aeroports` (`Id_Aero`, `Nom`, `Code_AITA`, `Ville`, `Pays`) VALUES
(1, 'Charles de gaulle', 'CDG', 'Paris CDG', 'France'),
(2, 'Nice-cote d\'Azur', 'NCE', 'Nice', 'France'),
(3, 'Lyon Saint-Exupéry', 'LYS', 'Lyon', 'France'),
(4, 'Marseille Provence', 'MRS', 'Marseille', 'France'),
(5, 'Toulouse-Blagnac', 'TLS', 'Toulouse', 'France'),
(6, 'Paris-Orly', 'ORY', 'Paris ORY', 'France'),
(7, ' Basel-Mulhouse-Freiburg', 'BSL', 'Bale/Mulhouse', 'France'),
(8, 'Bordeaux-Mérignac', 'BOD', 'Bordeaux', 'France'),
(9, 'Nantes Atlantique', 'NTE', 'Nantes', 'France'),
(10, 'Strasbourg', 'SXB', 'Strasbourg', 'France'),
(11, 'Lille-Lesquin', 'LIL', 'Lille', 'France'),
(12, 'Ajaccio-Napoléon Bonaparte', 'AJA', 'Ajaccio/Napoléon Bonaparte', 'France'),
(13, 'Brest Bretagne', 'BES', 'Brest/Guipavas', 'France'),
(14, 'Bastia-Poretta', 'BIA', 'Bastia/Poretta', 'France'),
(15, 'Montpellier-Méditerranée', 'MPL', 'Montpellier', 'France'),
(16, 'Calvi-Sainte Catherine', 'CLY', 'Calvi/Sainte-Catherine', 'France'),
(17, 'Figari Sud-Corse', 'FSC', 'Figari Sud-Corse', 'France'),
(18, 'Rennes-Saint-Jacques', 'RNS', 'Rennes/Saint-Jacques', 'France'),
(19, 'Biarritz-Anglet-Bayonne', 'BIQ', 'Biarritz/Anglet/Bayonne', 'France'),
(20, 'Bergerac-Roumanière ', 'EGC', 'Bergerac/Roumanière', 'France'),
(21, 'Limoges Airport', 'LIG', 'Limoges/Bellegarde', 'France'),
(22, 'Clermont-Ferrand Auvergne', 'CFE', 'Clermont-Ferrand/Auvergne', 'France'),
(23, 'La Rochelle-Île de Ré', 'LRH', 'La Rochelle/Île de Ré', 'France'),
(24, 'Pau Pyrénées', 'PUF', 'Pau/Pyrénées (Uzein)', 'France'),
(25, 'Tarbes-Lourdes-Pyrénées', 'LDE', 'Tarbes/Lourdes/Pyrénées', 'France'),
(26, 'Saint-Étienne-Bouthéon ', 'EBU', 'Saint-Étienne/Bouthéon', 'France'),
(27, 'Perpignan-Rivesaltes', 'PGF', 'Perpignan', 'France'),
(28, 'Paris Beauvais Tillé', 'BVA', 'Beauvais/Tillé', 'France'),
(29, 'Poitiers-Biard', 'PIS', 'Poitiers/Biard', 'France'),
(30, 'Brive Souillac', 'BVE', 'Souillac', 'France'),
(31, 'Houari Boumediene', 'ALG', 'Alger', 'Algérie'),
(32, 'Es Sénia', 'ORN', 'Oran', 'Algérie'),
(33, 'Soummam', 'BJA', 'Béjaïa', 'Algérie'),
(34, 'Ain Arnat', 'QSF', 'Sétif', 'Algérie'),
(35, 'Rabah Bitat', 'AAE', 'Annaba', 'Algérie'),
(36, 'Mohamed Boudiaf', 'CZL', 'Constantine', 'Algérie'),
(37, 'Zenata – Messali El Hadj', 'TLM', 'Tlemcen', 'Algérie'),
(38, 'Biskra', 'BSK', 'Biskra', 'Algérie'),
(39, 'Oued Irara', 'HME', 'Hassi Messaoud', 'Algérie'),
(40, 'Djanet Inedbirene', 'DJG', 'Djanet', 'Algérie'),
(41, 'Aguenar – Hadj Bey Akhamok ', 'TMR', 'Tamanrasset', 'Algérie'),
(42, 'Cheikh Larbi Tébessi', 'TEE', 'Tébessi', 'Algérie'),
(43, 'Batna', 'BLJ', 'Batna', 'Algérie'),
(44, 'Béchar Boudghene Ben Ali Lotfi', 'CBH', 'Béchar', 'Algérie'),
(45, 'Noumérat - Moufdi Zakaria', 'GHA', 'Ghardaïa', 'Algérie');

-- --------------------------------------------------------

--
-- Structure de la table `associer`
--

CREATE TABLE `associer` (
  `Id_Vol` int(11) NOT NULL,
  `depart` varchar(30) DEFAULT NULL,
  `Arrivée` varchar(30) DEFAULT NULL
) ENGINE=InnoDB DEFAULT CHARSET=utf8mb4;

--
-- Déchargement des données de la table `associer`
--

INSERT INTO `associer` (`Id_Vol`, `depart`, `Arrivée`) VALUES
(1, 'Béjaia', 'Paris CDG'),
(2, 'Constantine', 'Marseille'),
(3, 'Oran', 'Lyon'),
(4, 'Annaba', 'Toulouse'),
(5, 'Alger', 'Nice'),
(6, 'Oran', 'Bordeaux'),
(7, 'Annaba', 'Marseille'),
(8, 'Alger', 'Nice'),
(9, 'Alger', 'Paris ORY'),
(10, 'Paris ORY', 'Béjaia'),
(11, 'Marseille', 'Constantine'),
(12, 'Lyon', 'Oran'),
(13, 'Toulouse', 'Annaba'),
(14, 'Nice', 'Alger'),
(15, 'Bordeaux', 'Oran'),
(16, 'Marseille', 'Annaba'),
(17, 'Nice', 'Alger'),
(18, 'Paris CDG', 'Alger'),
(19, 'Alger', 'Paris ORY'),
(20, 'Alger', 'Marseille'),
(21, 'Oran', 'Lyon'),
(22, 'Annaba', 'Toulouse'),
(23, 'Alger', 'Nice'),
(24, 'Oran', 'Bordeaux'),
(25, 'Annaba', 'Marseille'),
(26, 'Alger', 'Nice'),
(27, 'Alger', 'Paris ORY'),
(28, 'Paris CDG', 'Alger'),
(29, 'Marseille', 'Bejaia'),
(30, 'Lyon', 'Alger'),
(31, 'Toulouse', 'Annaba'),
(32, 'Nice', 'Alger'),
(33, 'Bordeaux', 'Oran'),
(34, 'Lille', 'Marseille'),
(35, 'Alger', 'Nice'),
(36, 'Alger', 'Paris ORY'),
(37, 'Alger', 'Paris ORY'),
(38, 'Alger', 'Marseille'),
(39, 'Oran', 'Lyon'),
(40, 'Annaba', 'Toulouse'),
(41, 'Alger', 'Nice'),
(42, 'Oran', 'Bordeaux'),
(43, 'Annaba', 'Marseille'),
(44, 'Alger', 'Nice'),
(45, 'Alger', 'Paris ORY'),
(46, 'Paris CDG', 'Alger'),
(47, 'Marseille', 'Bejaia'),
(48, 'Lyon', 'Alger'),
(49, 'Toulouse', 'Annaba'),
(50, 'Nice', 'Alger'),
(51, 'Bordeaux', 'Oran'),
(52, 'Lille', 'Marseille'),
(53, 'Alger', 'Nice'),
(54, 'Alger', 'Paris ORY'),
(55, 'Alger', 'Paris ORY'),
(56, 'Alger', 'Marseille'),
(57, 'Oran', 'Lyon'),
(58, 'Annaba', 'Toulouse'),
(59, 'Alger', 'Nice'),
(60, 'Oran', 'Bordeaux'),
(61, 'Annaba', 'Marseille'),
(62, 'Alger', 'Nice'),
(63, 'Alger', 'Paris ORY'),
(64, 'Paris CDG', 'Alger'),
(65, 'Marseille', 'Bejaia'),
(66, 'Lyon', 'Alger'),
(67, 'Toulouse', 'Annaba'),
(68, 'Nice', 'Alger'),
(69, 'Bordeaux', 'Oran'),
(70, 'Lille', 'Marseille'),
(71, 'Alger', 'Nice'),
(72, 'Alger', 'Paris ORY'),
(73, 'Alger', 'Paris ORY'),
(74, 'Alger', 'Marseille'),
(75, 'Oran', 'Lyon'),
(76, 'Annaba', 'Toulouse'),
(77, 'Alger', 'Nice'),
(78, 'Oran', 'Bordeaux'),
(79, 'Annaba', 'Marseille'),
(80, 'Alger', 'Nice'),
(81, 'Alger', 'Paris ORY'),
(82, 'Paris CDG', 'Alger'),
(83, 'Marseille', 'Bejaia'),
(84, 'Lyon', 'Alger'),
(85, 'Toulouse', 'Annaba'),
(86, 'Nice', 'Alger'),
(87, 'Bordeaux', 'Oran'),
(88, 'Lille', 'Alger'),
(89, 'Alger', 'Nice'),
(90, 'Alger', 'Paris ORY'),
(91, 'Béjaia', 'Paris ORY'),
(92, 'Constantine', 'Marseille'),
(93, 'Oran', 'Lyon'),
(94, 'Annaba', 'Toulouse'),
(95, 'Alger', 'Nice'),
(96, 'Oran', 'Bordeaux'),
(97, 'Annaba', 'Marseille'),
(98, 'Alger', 'Nice'),
(99, 'Alger', 'Paris ORY'),
(100, 'Paris CDG', 'Béjaia'),
(101, 'Marseille', 'Constantine'),
(102, 'Lyon', 'Oran'),
(103, 'Toulouse', 'Annaba'),
(104, 'Nice', 'Alger'),
(105, 'Bordeaux', 'Oran'),
(106, 'Marseille', 'Annaba'),
(107, 'Nice', 'Alger'),
(108, 'Paris CDG', 'Alger'),
(109, 'Alger', 'Paris ORY'),
(110, 'Alger', 'Marseille'),
(111, 'Oran', 'Lyon'),
(112, 'Annaba', 'Toulouse'),
(113, 'Alger', 'Nice'),
(114, 'Oran', 'Bordeaux'),
(115, 'Annaba', 'Marseille'),
(116, 'Alger', 'Nice'),
(117, 'Alger', 'Paris ORY'),
(118, 'Paris CDG', 'Alger'),
(119, 'Marseille', 'Bejaia'),
(120, 'Lyon', 'Alger'),
(121, 'Toulouse', 'Annaba'),
(122, 'Nice', 'Alger'),
(123, 'Bordeaux', 'Oran'),
(124, 'Lille', 'Marseille'),
(125, 'Alger', 'Nice'),
(126, 'Alger', 'Paris ORY'),
(127, 'Alger', 'Paris ORY'),
(128, 'Alger', 'Marseille'),
(129, 'Oran', 'Lyon'),
(130, 'Annaba', 'Toulouse'),
(131, 'Alger', 'Nice'),
(132, 'Oran', 'Bordeaux'),
(133, 'Annaba', 'Marseille'),
(134, 'Alger', 'Nice'),
(135, 'Alger', 'Paris ORY'),
(136, 'Paris CDG', 'Alger'),
(137, 'Marseille', 'Bejaia'),
(138, 'Lyon', 'Alger'),
(139, 'Toulouse', 'Annaba'),
(140, 'Nice', 'Alger'),
(141, 'Bordeaux', 'Oran'),
(142, 'Lille', 'Marseille'),
(143, 'Alger', 'Nice'),
(144, 'Alger', 'Paris ORY'),
(145, 'Alger', 'Paris ORY'),
(146, 'Alger', 'Marseille'),
(147, 'Oran', 'Lyon'),
(148, 'Annaba', 'Toulouse'),
(149, 'Alger', 'Nice'),
(150, 'Oran', 'Bordeaux'),
(151, 'Annaba', 'Marseille'),
(152, 'Alger', 'Nice'),
(153, 'Alger', 'Paris ORY'),
(154, 'Paris CDG', 'Alger'),
(155, 'Marseille', 'Bejaia'),
(156, 'Lyon', 'Alger'),
(157, 'Toulouse', 'Annaba'),
(158, 'Nice', 'Alger'),
(159, 'Bordeaux', 'Oran'),
(160, 'Lille', 'Marseille'),
(161, 'Alger', 'Nice'),
(162, 'Alger', 'Paris ORY'),
(163, 'Alger', 'Paris ORY'),
(164, 'Alger', 'Marseille'),
(165, 'Oran', 'Lyon'),
(166, 'Annaba', 'Toulouse'),
(167, 'Alger', 'Nice'),
(168, 'Oran', 'Bordeaux'),
(169, 'Annaba', 'Marseille'),
(170, 'Alger', 'Nice'),
(171, 'Alger', 'Paris ORY'),
(172, 'Paris CDG', 'Alger'),
(173, 'Marseille', 'Bejaia'),
(174, 'Lyon', 'Alger'),
(175, 'Toulouse', 'Annaba'),
(176, 'Nice', 'Alger'),
(177, 'Bordeaux', 'Oran'),
(178, 'Lille', 'Alger'),
(179, 'Alger', 'Nice'),
(180, 'Alger', 'Paris ORY'),
(181, 'Béjaia', 'Paris ORY'),
(182, 'Constantine', 'Marseille'),
(183, 'Oran', 'Lyon'),
(184, 'Béjaia', 'Paris ORY'),
(185, 'Constantine', 'Marseille'),
(186, 'Oran', 'Lyon'),
(187, 'Annaba', 'Toulouse'),
(188, 'Alger', 'Nice'),
(189, 'Oran', 'Bordeaux'),
(190, 'Annaba', 'Marseille'),
(191, 'Alger', 'Nice'),
(192, 'Alger', 'Paris ORY'),
(193, 'Paris CDG', 'Béjaia'),
(194, 'Marseille', 'Constantine'),
(195, 'Lyon', 'Oran'),
(196, 'Toulouse', 'Annaba'),
(197, 'Nice', 'Alger'),
(198, 'Bordeaux', 'Oran'),
(199, 'Marseille', 'Annaba'),
(200, 'Nice', 'Alger'),
(201, 'Paris CDG', 'Alger'),
(202, 'Alger', 'Paris ORY'),
(203, 'Alger', 'Marseille'),
(204, 'Oran', 'Lyon'),
(205, 'Annaba', 'Toulouse'),
(206, 'Alger', 'Nice'),
(207, 'Oran', 'Bordeaux'),
(208, 'Annaba', 'Marseille'),
(209, 'Alger', 'Nice'),
(210, 'Alger', 'Paris ORY'),
(211, 'Paris CDG', 'Alger'),
(212, 'Marseille', 'Bejaia'),
(213, 'Lyon', 'Alger'),
(214, 'Toulouse', 'Annaba'),
(215, 'Nice', 'Alger'),
(216, 'Bordeaux', 'Oran'),
(217, 'Lille', 'Marseille'),
(218, 'Alger', 'Nice'),
(219, 'Alger', 'Paris ORY'),
(220, 'Alger', 'Paris ORY'),
(221, 'Alger', 'Marseille'),
(222, 'Oran', 'Lyon'),
(223, 'Annaba', 'Toulouse'),
(224, 'Alger', 'Nice'),
(225, 'Oran', 'Bordeaux'),
(226, 'Annaba', 'Marseille'),
(227, 'Alger', 'Nice'),
(228, 'Alger', 'Paris ORY'),
(229, 'Paris CDG', 'Alger'),
(230, 'Marseille', 'Bejaia'),
(231, 'Lyon', 'Alger'),
(232, 'Toulouse', 'Annaba'),
(233, 'Nice', 'Alger'),
(234, 'Bordeaux', 'Oran'),
(235, 'Lille', 'Marseille'),
(236, 'Alger', 'Nice'),
(237, 'Alger', 'Paris ORY'),
(238, 'Alger', 'Paris ORY'),
(239, 'Alger', 'Marseille'),
(240, 'Oran', 'Lyon'),
(241, 'Annaba', 'Toulouse'),
(242, 'Alger', 'Nice'),
(243, 'Oran', 'Bordeaux'),
(245, 'Annaba', 'Marseille'),
(246, 'Alger', 'Nice'),
(247, 'Alger', 'Paris ORY'),
(248, 'Paris CDG', 'Alger'),
(249, 'Marseille', 'Bejaia'),
(250, 'Lyon', 'Alger'),
(251, 'Toulouse', 'Annaba'),
(252, 'Nice', 'Alger'),
(253, 'Bordeaux', 'Oran'),
(254, 'Lille', 'Marseille'),
(255, 'Alger', 'Nice'),
(256, 'Alger', 'Paris ORY'),
(257, 'Alger', 'Paris ORY'),
(258, 'Alger', 'Marseille'),
(259, 'Oran', 'Lyon'),
(260, 'Annaba', 'Toulouse'),
(261, 'Alger', 'Nice'),
(262, 'Oran', 'Bordeaux'),
(263, 'Annaba', 'Marseille'),
(264, 'Alger', 'Nice'),
(265, 'Alger', 'Paris ORY'),
(266, 'Paris CDG', 'Alger'),
(267, 'Marseille', 'Bejaia'),
(268, 'Lyon', 'Alger'),
(269, 'Toulouse', 'Annaba'),
(270, 'Nice', 'Alger'),
(271, 'Bordeaux', 'Oran'),
(272, 'Lille', 'Alger'),
(273, 'Alger', 'Nice'),
(274, 'Alger', 'Paris ORY'),
(275, 'Béjaia', 'Paris ORY'),
(276, 'Constantine', 'Marseille'),
(277, 'Oran', 'Lyon');

-- --------------------------------------------------------

--
-- Structure de la table `Reservations`
--

CREATE TABLE `Reservations` (
  `Id_Reserv` int(11) NOT NULL,
  `Nom` varchar(30) DEFAULT NULL,
  `prenom` varchar(30) DEFAULT NULL,
  `Num_vol` varchar(30) DEFAULT NULL,
  `Date_de_reservation` timestamp NOT NULL DEFAULT CURRENT_TIMESTAMP ON UPDATE CURRENT_TIMESTAMP,
  `Prix_total` float NOT NULL,
  `Id_Vol` int(11) NOT NULL,
  `Id_Utilis` int(11) NOT NULL
) ENGINE=InnoDB DEFAULT CHARSET=utf8mb4;

--
-- Déchargement des données de la table `Reservations`
--

INSERT INTO `Reservations` (`Id_Reserv`, `Nom`, `prenom`, `Num_vol`, `Date_de_reservation`, `Prix_total`, `Id_Vol`, `Id_Utilis`) VALUES
(1, 'BOUSSADIA', 'Yanis', '28e942', '2023-04-29 13:41:52', 150, 1, 18),
(2, 'Hassane', 'Amine', '28e942', '2023-04-29 13:52:09', 170, 1, 19),
(3, 'BOUSSADIA', 'Yanis', '28e028', '2023-04-29 13:52:38', 360, 7, 18),
(4, 'BOUSSADIA', 'Yanis', '995410', '2023-04-29 13:54:35', 360, 24, 18),
(5, 'BOUSSADIA', 'Mohand', '995410', '2023-04-29 14:00:37', 360, 24, 21),
(6, 'BELAID', 'Mourad', '4be691', '2023-04-29 14:03:36', 360, 20, 20),
(7, 'BELAID', 'Mourad', '4be691', '2023-04-29 14:10:28', 130, 20, 20),
(8, 'BOUSSADIA', 'Yanis', '28e942', '2023-04-29 14:32:37', 150, 1, 18),
(9, 'BOUSSADIA', 'Yanis', '28e028', '2023-04-29 14:32:37', 180, 7, 18),
(10, 'BOUSSADIA', 'Yanis', '28e942', '2023-04-29 14:33:52', 150, 1, 18),
(11, 'BOUSSADIA', 'Yanis', '28e028', '2023-04-29 14:33:52', 180, 7, 18),
(12, 'BOUSSADIA', 'Yanis', 'c89269', '2023-04-29 14:33:52', 180, 16, 18),
(13, 'BOUSSADIA', 'Yanis', '28e942', '2023-04-29 14:35:00', 150, 1, 18),
(14, 'BOUSSADIA', 'Yanis', '28e028', '2023-04-29 14:35:00', 180, 7, 18),
(15, 'BOUSSADIA', 'Yanis', 'c89269', '2023-04-29 14:35:00', 180, 16, 18),
(16, 'BOUSSADIA', 'Yanis', '28e942', '2023-04-29 14:36:16', 150, 1, 18),
(17, 'BOUSSADIA', 'Yanis', '28e028', '2023-04-29 14:36:16', 180, 7, 18),
(18, 'BOUSSADIA', 'Yanis', 'c89269', '2023-04-29 14:36:16', 180, 16, 18),
(19, 'BOUSSADIA', 'Yanis', '28e942', '2023-04-29 14:37:02', 150, 1, 18),
(20, 'BOUSSADIA', 'Yanis', '28e028', '2023-04-29 14:37:02', 180, 7, 18),
(21, 'BOUSSADIA', 'Yanis', 'c89269', '2023-04-29 14:37:02', 180, 16, 18),
(22, 'BOUSSADIA', 'Yanis', '28e942', '2023-04-29 14:44:44', 150, 1, 18),
(23, 'BOUSSADIA', 'Yanis', '28e028', '2023-04-29 14:44:44', 180, 7, 18),
(24, 'BOUSSADIA', 'Yanis', 'c89269', '2023-04-29 14:44:44', 180, 16, 18),
(25, 'BOUSSADIA', 'Yanis', '28e942', '2023-04-29 14:46:06', 150, 1, 18),
(26, 'BOUSSADIA', 'Yanis', '28e028', '2023-04-29 14:46:06', 180, 7, 18),
(27, 'BOUSSADIA', 'Yanis', 'c89269', '2023-04-29 14:46:06', 180, 16, 18),
(28, 'BOUSSADIA', 'Yanis', '28e942', '2023-04-29 14:54:18', 150, 1, 18),
(29, 'BOUSSADIA', 'Yanis', '28e942', '2023-04-29 14:55:14', 150, 1, 18),
(30, 'BOUSSADIA', 'Yanis', '28e942', '2023-04-29 14:56:29', 150, 1, 18),
(31, 'BOUSSADIA', 'Yanis', '28e942', '2023-04-29 14:57:18', 150, 1, 18),
(32, 'Hassane', 'Amine', '28e942', '2023-04-29 14:58:42', 150, 1, 19),
(33, 'Hassane', 'Amine', '28e942', '2023-04-29 14:59:54', 150, 1, 19),
(34, 'BOUSSADIA', 'Yanis', '28e942', '2023-04-29 15:02:07', 150, 1, 18),
(35, 'BOUSSADIA', 'Yanis', '28e942', '2023-04-29 15:02:55', 150, 1, 18),
(36, 'BOUSSADIA', 'Yanis', '28e942', '2023-04-29 15:07:46', 150, 1, 18),
(37, 'BOUSSADIA', 'Yanis', '28e942', '2023-04-29 15:07:49', 150, 1, 18),
(38, 'BOUSSADIA', 'Yanis', '28e942', '2023-04-29 15:08:49', 150, 1, 18),
(39, 'BOUSSADIA', 'Yanis', '28e942', '2023-04-29 15:09:17', 150, 1, 18),
(40, 'BOUSSADIA', 'Yanis', '28e942', '2023-04-29 15:11:13', 150, 1, 18),
(41, 'BOUSSADIA', 'yanis', '28e942', '2023-04-30 14:57:29', 150, 1, 18),
(42, 'BOUSSADIA', 'Yanis', '28e942', '2023-04-30 16:19:40', 150, 1, 18),
(43, 'BOUSSADIA', 'Yanis', '28e942', '2023-04-30 17:03:30', 150, 1, 18),
(44, 'BOUSSADIA', 'Yanis', '28e942', '2023-04-30 17:04:09', 150, 1, 18),
(45, 'BOUSSADIA', 'Yanis', '28e942', '2023-04-30 17:08:39', 150, 1, 18),
(46, 'BOUSSADIA', 'Yanis', '28e942', '2023-04-30 17:11:31', 150, 1, 18),
(47, 'BOUSSADIA', 'Yanis', '28e942', '2023-04-30 17:14:19', 150, 1, 18),
(48, 'BOUSSADIA', 'Yanis', '28e028', '2023-04-30 18:49:44', 180, 7, 18),
(49, 'BOUSSADIA', 'Yanis', 'c89269', '2023-04-30 18:49:44', 180, 16, 18),
(50, 'BOUSSADIA', 'Yanis', '28e028', '2023-04-30 19:08:26', 180, 7, 18),
(51, 'BOUSSADIA', 'Yanis', 'c89269', '2023-04-30 19:08:26', 180, 16, 18),
(52, 'BOUSSADIA', 'Yanis', '28e942', '2023-04-30 21:52:14', 150, 1, 18),
(53, 'BOUSSADIA', 'Yanis', '28e942', '2023-04-30 21:55:58', 150, 1, 18),
(54, 'BOUSSADIA', 'Yanis', '28e942', '2023-04-30 21:58:51', 150, 1, 18),
(55, 'BOUSSADIA', 'Yanis', 'e35384', '2023-04-30 22:01:22', 120, 196, 18),
(56, 'BOUSSADIA', 'Yanis', '9e0841', '2023-04-30 22:01:22', 120, 205, 18),
(57, 'BOUSSADIA', 'Yanis', 'd85285', '2023-04-30 22:06:10', 170, 81, 18),
(58, 'BOUSSADIA', 'Yanis', '28e942', '2023-04-30 22:07:16', 150, 1, 18),
(59, 'BOUSSADIA', 'Yanis', '8d8558', '2023-04-30 22:08:49', 180, 97, 18),
(60, 'BOUSSADIA', 'Yanis', '28e942', '2023-05-01 12:20:09', 150, 1, 18),
(61, 'BOUSSADIA', 'Yanis', '28e942', '2023-05-01 12:22:02', 150, 1, 18),
(62, 'BOUSSADIA', 'Yanis', '28e942', '2023-05-01 12:23:09', 150, 1, 18),
(63, 'BOUSSADIA', 'Yanis', '7b7785', '2023-05-01 12:24:29', 140, 15, 18),
(64, 'BOUSSADIA', 'Yanis', '28e942', '2023-05-01 12:25:35', 150, 1, 18),
(65, 'BOUSSADIA', 'Yanis', '7b7785', '2023-05-01 12:26:25', 140, 15, 18),
(66, 'BOUSSADIA', 'Yanis', '7b7785', '2023-05-01 12:28:04', 140, 15, 18),
(67, 'BOUSSADIA', 'Yanis', '28e942', '2023-05-01 12:34:05', 150, 1, 18),
(68, 'BOUSSADIA', 'Yanis', '305736', '2023-05-01 12:34:05', 200, 23, 18),
(69, 'BOUSSADIA', 'Yanis', '28e942', '2023-05-01 12:36:20', 150, 1, 18),
(70, 'BOUSSADIA', 'Yanis', '28e942', '2023-05-01 12:37:26', 150, 1, 18),
(71, 'Hassane', 'Amine', '28e942', '2023-05-01 12:41:38', 150, 1, 19),
(72, 'Hassane', 'Amine', '28e028', '2023-05-01 12:41:38', 180, 7, 19),
(73, 'Hassane', 'Amine', 'c89269', '2023-05-01 12:41:38', 180, 16, 19),
(74, 'Hassane', 'Amine', '28e028', '2023-05-01 12:41:38', 180, 7, 19),
(75, 'Hassane', 'Amine', 'c89269', '2023-05-01 12:41:38', 180, 16, 19),
(76, 'Hassane', 'Amine', '28e942', '2023-05-01 12:47:45', 150, 1, 19),
(77, 'BOUSSADIA', 'Yanis', '28e942', '2023-05-01 12:48:49', 150, 1, 18),
(78, 'BOUSSADIA', 'Yanis', '28e942', '2023-05-01 12:56:04', 150, 1, 18),
(79, 'BOUSSADIA', 'Yanis', '28e942', '2023-05-01 12:56:04', 150, 1, 18),
(80, 'BOUSSADIA', 'Yanis', 'c89269', '2023-05-01 12:56:04', 180, 16, 18),
(81, 'BOUSSADIA', 'Yanis', '28e942', '2023-05-01 12:57:31', 150, 1, 18),
(82, 'BOUSSADIA', 'Yanis', '28e028', '2023-05-01 12:57:31', 180, 7, 18),
(83, 'BOUSSADIA', 'Yanis', 'c89269', '2023-05-01 12:57:31', 180, 16, 18),
(84, 'BOUSSADIA', 'Yanis', '28e942', '2023-05-01 12:59:23', 150, 1, 18),
(85, 'BOUSSADIA', 'Yanis', '28e942', '2023-05-01 13:00:18', 150, 1, 18),
(86, 'BOUSSADIA', 'Yanis', '28e942', '2023-05-01 13:01:30', 150, 1, 18),
(87, 'BOUSSADIA', 'Yanis', '28e028', '2023-05-01 14:41:08', 180, 7, 18),
(88, 'BOUSSADIA', 'Yanis', 'c89269', '2023-05-01 14:41:08', 180, 16, 18),
(89, 'BOUSSADIA', 'Yanis', '28e028', '2023-05-01 14:41:08', 180, 7, 18),
(90, 'BOUSSADIA', 'Yanis', 'c89269', '2023-05-01 14:41:08', 180, 16, 18),
(91, 'BOUSSADIA', 'Yanis', '28e942', '2023-05-01 16:06:47', 150, 1, 18),
(92, 'BOUSSADIA', 'Yanis', '28e942', '2023-05-01 16:11:18', 150, 1, 18),
(93, 'BOUSSADIA', 'Yanis', '28e942', '2023-05-01 16:12:29', 150, 1, 18),
(94, 'BOUSSADIA', 'Yanis', '28e942', '2023-05-01 16:14:15', 150, 1, 18),
(95, 'BOUSSADIA', 'Yanis', '28e942', '2023-05-01 16:16:31', 150, 1, 18),
(96, 'BOUSSADIA', 'Yanis', '28e028', '2023-05-01 16:38:10', 180, 7, 18),
(97, 'BOUSSADIA', 'Yanis', 'c89269', '2023-05-01 16:38:10', 180, 16, 18),
(98, 'BOUSSADIA', 'Yanis', '28e028', '2023-05-01 16:38:10', 180, 7, 18),
(99, 'BOUSSADIA', 'Yanis', 'c89269', '2023-05-01 16:38:10', 180, 16, 18),
(100, 'BOUSSADIA', 'Yanis', '28e028', '2023-05-01 16:42:45', 180, 7, 18),
(101, 'BOUSSADIA', 'Yanis', '9cc201', '2023-05-01 16:42:45', 180, 106, 18),
(102, 'BOUSSADIA', 'Yanis', '28e028', '2023-05-01 16:42:45', 180, 7, 18),
(103, 'BOUSSADIA', 'Yanis', '9cc201', '2023-05-01 16:42:45', 180, 106, 18),
(104, 'BOUSSADIA', 'Yanis', '28e028', '2023-05-01 16:49:50', 180, 7, 18),
(105, 'BOUSSADIA', 'Yanis', 'c89269', '2023-05-01 16:49:50', 180, 16, 18),
(106, 'BOUSSADIA', 'Yanis', '28e028', '2023-05-01 16:49:50', 180, 7, 18),
(107, 'BOUSSADIA', 'Yanis', 'c89269', '2023-05-01 16:49:50', 180, 16, 18),
(108, 'BOUSSADIA', 'Yanis', '28e028', '2023-05-01 17:00:59', 180, 7, 18),
(109, 'BOUSSADIA', 'Yanis', 'c89269', '2023-05-01 17:00:59', 180, 16, 18),
(110, 'BOUSSADIA', 'Yanis', '28e028', '2023-05-01 17:03:48', 180, 7, 18),
(111, 'BOUSSADIA', 'Yanis', 'c89269', '2023-05-01 17:03:48', 180, 16, 18),
(112, 'BOUSSADIA', 'Yanis', '28e942', '2023-05-01 17:04:34', 150, 1, 18),
(113, 'BOUSSADIA', 'Yanis', 'c89269', '2023-05-01 17:04:34', 180, 16, 18),
(114, 'BOUSSADIA', 'Yanis', '28e028', '2023-05-01 17:27:39', 180, 7, 18),
(115, 'BOUSSADIA', 'Yanis', 'c89269', '2023-05-01 17:27:39', 180, 16, 18),
(116, 'Hassane', 'Amine', '28e942', '2023-05-01 17:28:33', 150, 1, 19),
(117, 'Hassane', 'Amine', 'c89269', '2023-05-01 17:28:33', 180, 16, 19),
(118, 'BOUSSADIA', 'Yanis', '28e028', '2023-05-01 17:30:21', 180, 7, 18),
(119, 'BOUSSADIA', 'Yanis', '28e028', '2023-05-01 17:32:40', 180, 7, 18),
(120, 'BOUSSADIA', 'Yanis', '28e942', '2023-05-01 17:33:30', 150, 1, 18),
(121, 'BOUSSADIA', 'Yanis', '28e028', '2023-05-01 17:35:04', 180, 7, 18),
(122, 'BELAID', 'Mourad', 'c89269', '2023-05-01 17:39:28', 180, 16, 20),
(123, 'BOUSSADIA', 'Yanis', '28e028', '2023-05-01 17:43:39', 180, 7, 18),
(124, 'BOUSSADIA', 'Yanis', 'c89269', '2023-05-01 17:43:39', 180, 16, 18),
(125, 'BOUSSADIA', 'Yanis', '28e942', '2023-05-01 18:49:02', 150, 1, 18),
(126, 'BOUSSADIA', 'Yanis', '28e942', '2023-05-01 18:50:10', 150, 1, 18),
(127, 'Hassane', 'Amine', '28e028', '2023-05-01 18:52:16', 180, 7, 19),
(128, 'Hassane', 'Amine', 'c89269', '2023-05-01 18:52:16', 180, 16, 19),
(129, 'BOUSSADIA', 'Yanis', '28e942', '2023-05-01 20:16:46', 150, 1, 18),
(130, 'BOUSSADIA', 'Mohand', '28e942', '2023-05-01 20:18:56', 150, 1, 21),
(131, 'Hassane', 'Amine', '28e028', '2023-05-01 20:20:50', 180, 7, 19),
(132, 'Hassane', 'Amine', 'c89269', '2023-05-01 20:20:50', 180, 16, 19);

-- --------------------------------------------------------

--
-- Structure de la table `Utilisateurs`
--

CREATE TABLE `Utilisateurs` (
  `Id_Utilis` int(11) NOT NULL,
  `Nom` varchar(30) NOT NULL,
  `Prenom` varchar(30) NOT NULL,
  `Adresse_e_mail` varchar(30) NOT NULL,
  `Mot_de_passe` varchar(30) NOT NULL,
  `Numero_de_telephone` varchar(10) NOT NULL,
  `Inscrit_le` datetime DEFAULT CURRENT_TIMESTAMP
) ENGINE=InnoDB DEFAULT CHARSET=utf8mb4;

--
-- Déchargement des données de la table `Utilisateurs`
--

INSERT INTO `Utilisateurs` (`Id_Utilis`, `Nom`, `Prenom`, `Adresse_e_mail`, `Mot_de_passe`, `Numero_de_telephone`, `Inscrit_le`) VALUES
(18, 'BOUSSADIA', 'Yanis', 'yanisboussadia20@gmail.com', 'Yanis#2004', '787611897', '2023-04-25 18:58:25'),
(19, 'Hassane', 'Amine', 'aminehassane@gmail.com', 'Amine#2005', '658239961', '2023-04-25 20:15:16'),
(20, 'BELAID', 'Mourad', 'mouradbelaid@gmail.com', 'Mourad', '787611897', '2023-04-25 21:59:54'),
(21, 'BOUSSADIA', 'Mohand', 'mohandboussadia@gmail.com', 'Mohand', '667898786', '2023-04-25 23:46:25'),
(22, 'imloul', 'mehdi', 'mehdi@gmail.com', 'azerty', '12345', '2023-04-30 20:46:19'),
(23, 'bat', 'man', 'batman@fhfjh.com', 'batman', '98786', '2023-04-30 20:52:33');

-- --------------------------------------------------------

--
-- Structure de la table `Vols`
--

CREATE TABLE `Vols` (
  `Id_Vol` int(11) NOT NULL,
  `Compagnie_aerienne` varchar(30) NOT NULL,
  `Numero_de_vol` varchar(30) NOT NULL,
  `heure_de_départ` time DEFAULT NULL,
  `heure_arrivée` time DEFAULT NULL,
  `Duree` time NOT NULL,
  `Prix` float NOT NULL,
  `Date_du_vol` date DEFAULT NULL,
  `Depart` varchar(30) DEFAULT NULL,
  `Arrivée` varchar(30) DEFAULT NULL
) ENGINE=InnoDB DEFAULT CHARSET=utf8mb4;

--
-- Déchargement des données de la table `Vols`
--

INSERT INTO `Vols` (`Id_Vol`, `Compagnie_aerienne`, `Numero_de_vol`, `heure_de_départ`, `heure_arrivée`, `Duree`, `Prix`, `Date_du_vol`, `Depart`, `Arrivée`) VALUES
(1, 'Air France', '28e942', '08:30:00', '11:00:00', '02:30:00', 150, '2023-06-01', 'Béjaia', 'Paris CDG'),
(2, 'Air Algerie', 'edd982', '09:45:00', '12:15:00', '02:30:00', 130, '2023-06-01', 'Constantine', 'Marseille'),
(3, 'Air France', '2b8192', '11:00:00', '14:30:00', '03:30:00', 175, '2023-06-01', 'Oran', 'Lyon'),
(4, 'Air Algerie', '7d4808', '12:30:00', '15:00:00', '02:30:00', 120, '2023-06-02', 'Annaba', 'Toulouse'),
(5, 'Air France', 'a71631', '14:00:00', '17:00:00', '03:00:00', 200, '2023-06-02', 'Alger', 'Nice'),
(6, 'Air Algerie', 'a3a721', '16:15:00', '18:45:00', '02:30:00', 140, '2023-06-02', 'Oran', 'Bordeaux'),
(7, 'Air France', '28e028', '18:00:00', '21:00:00', '03:00:00', 180, '2023-06-03', 'Annaba', 'Marseille'),
(8, 'Air Algerie', '15b041', '20:30:00', '23:00:00', '02:30:00', 125, '2023-06-03', 'Alger', 'Nice'),
(9, 'Air France', '336535', '08:30:00', '11:00:00', '02:30:00', 170, '2023-06-03', 'Alger', 'Paris ORY'),
(10, 'Air France', '99d802', '08:30:00', '11:00:00', '02:30:00', 150, '2023-06-04', 'Paris ORY', 'Béjaia'),
(11, 'Air Algerie', 'e96421', '09:45:00', '12:15:00', '02:30:00', 130, '2023-06-04', 'Marseille', 'Constantine'),
(12, 'Air France', '350792', '11:00:00', '14:30:00', '03:30:00', 175, '2023-06-04', 'Lyon', 'Oran'),
(13, 'Air Algerie', 'd27262', '12:30:00', '15:00:00', '02:30:00', 120, '2023-06-05', 'Toulouse', 'Annaba'),
(14, 'Air France', 'ff9849', '14:00:00', '17:00:00', '03:00:00', 200, '2023-06-05', 'Nice', 'Alger'),
(15, 'Air Algerie', '7b7785', '16:15:00', '18:45:00', '02:30:00', 140, '2023-06-05', 'Bordeaux', 'Oran'),
(16, 'Air France', 'c89269', '18:00:00', '21:00:00', '03:00:00', 180, '2023-06-06', 'Marseille', 'Annaba'),
(17, 'Air Algerie', '9b3055', '20:30:00', '23:00:00', '02:30:00', 125, '2023-06-06', 'Nice', 'Alger'),
(18, 'Air France', '656628', '08:30:00', '11:00:00', '02:30:00', 170, '2023-06-06', 'Paris CDG', 'Alger'),
(19, 'Air France', '61a439', '08:30:00', '11:00:00', '02:30:00', 150, '2023-06-07', 'Alger', 'Paris ORY'),
(20, 'Air Algerie', '4be691', '09:45:00', '12:15:00', '02:30:00', 130, '2023-06-07', 'Alger', 'Marseille'),
(21, 'Air France', '08c178', '11:00:00', '14:30:00', '03:30:00', 175, '2023-06-07', 'Oran', 'Lyon'),
(22, 'Air Algerie', 'c00176', '12:30:00', '15:00:00', '02:30:00', 120, '2023-06-08', 'Annaba', 'Toulouse'),
(23, 'Air France', '305736', '14:00:00', '17:00:00', '03:00:00', 200, '2023-06-08', 'Alger', 'Nice'),
(24, 'Air Algerie', '995410', '16:15:00', '18:45:00', '02:30:00', 140, '2023-06-08', 'Oran', 'Bordeaux'),
(25, 'Air France', '51d178', '18:00:00', '21:00:00', '03:00:00', 180, '2023-06-09', 'Annaba', 'Marseille'),
(26, 'Air Algerie', '0e9687', '20:30:00', '23:00:00', '02:30:00', 125, '2023-06-09', 'Alger', 'Nice'),
(27, 'Air France', '106465', '08:30:00', '11:00:00', '02:30:00', 170, '2023-06-09', 'Alger', 'Paris ORY'),
(28, 'Air France', '1ab647', '08:30:00', '11:00:00', '02:30:00', 150, '2023-06-10', 'Paris CDG', 'Alger'),
(29, 'Air Algerie', '081108', '09:45:00', '12:15:00', '02:30:00', 130, '2023-06-10', 'Marseille', 'Bejaia'),
(30, 'Air France', 'fdb241', '11:00:00', '14:30:00', '03:30:00', 175, '2023-06-10', 'Lyon', 'Alger'),
(31, 'Air Algerie', 'e09613', '12:30:00', '15:00:00', '02:30:00', 120, '2023-06-11', 'Toulouse', 'Annaba'),
(32, 'Air France', '090485', '14:00:00', '17:00:00', '03:00:00', 200, '2023-06-11', 'Nice', 'Alger'),
(33, 'Air Algerie', '69c692', '16:15:00', '18:45:00', '02:30:00', 140, '2023-06-11', 'Bordeaux', 'Oran'),
(34, 'Air France', 'bd2796', '18:00:00', '21:00:00', '03:00:00', 180, '2023-06-12', 'Lille', 'Marseille'),
(35, 'Air Algerie', 'b36903', '20:30:00', '23:00:00', '02:30:00', 125, '2023-06-12', 'Alger', 'Nice'),
(36, 'Air France', '420993', '08:30:00', '11:00:00', '02:30:00', 170, '2023-06-12', 'Alger', 'Paris ORY'),
(37, 'Air France', 'cd7751', '08:30:00', '11:00:00', '02:30:00', 150, '2023-06-13', 'Alger', 'Paris ORY'),
(38, 'Air Algerie', 'da0325', '09:45:00', '12:15:00', '02:30:00', 130, '2023-06-13', 'Alger', 'Marseille'),
(39, 'Air France', 'ad3423', '11:00:00', '14:30:00', '03:30:00', 175, '2023-06-13', 'Oran', 'Lyon'),
(40, 'Air Algerie', 'd60119', '12:30:00', '15:00:00', '02:30:00', 120, '2023-06-14', 'Annaba', 'Toulouse'),
(41, 'Air France', '491451', '14:00:00', '17:00:00', '03:00:00', 200, '2023-06-14', 'Alger', 'Nice'),
(42, 'Air Algerie', 'e9c500', '16:15:00', '18:45:00', '02:30:00', 140, '2023-06-14', 'Oran', 'Bordeaux'),
(43, 'Air France', '335439', '18:00:00', '21:00:00', '03:00:00', 180, '2023-06-15', 'Annaba', 'Marseille'),
(44, 'Air Algerie', 'ae2853', '20:30:00', '23:00:00', '02:30:00', 125, '2023-06-15', 'Alger', 'Nice'),
(45, 'Air France', '5f5260', '08:30:00', '11:00:00', '02:30:00', 170, '2023-06-15', 'Alger', 'Paris ORY'),
(46, 'Air France', 'cbe265', '08:30:00', '11:00:00', '02:30:00', 150, '2023-06-16', 'Paris CDG', 'Alger'),
(47, 'Air Algerie', '9f4706', '09:45:00', '12:15:00', '02:30:00', 130, '2023-06-16', 'Marseille', 'Bejaia'),
(48, 'Air France', 'cd9035', '11:00:00', '14:30:00', '03:30:00', 175, '2023-06-16', 'Lyon', 'Alger'),
(49, 'Air Algerie', 'f79311', '12:30:00', '15:00:00', '02:30:00', 120, '2023-06-17', 'Toulouse', 'Annaba'),
(50, 'Air France', '5a0597', '14:00:00', '17:00:00', '03:00:00', 200, '2023-06-17', 'Nice', 'Alger'),
(51, 'Air Algerie', '78e543', '16:15:00', '18:45:00', '02:30:00', 140, '2023-06-17', 'Bordeaux', 'Oran'),
(52, 'Air France', '383953', '18:00:00', '21:00:00', '03:00:00', 180, '2023-06-18', 'Lille', 'Marseille'),
(53, 'Air Algerie', '216226', '20:30:00', '23:00:00', '02:30:00', 125, '2023-06-18', 'Alger', 'Nice'),
(54, 'Air France', '3a4712', '08:30:00', '11:00:00', '02:30:00', 170, '2023-06-18', 'Alger', 'Paris ORY'),
(55, 'Air France', 'ebe507', '08:30:00', '11:00:00', '02:30:00', 150, '2023-06-19', 'Alger', 'Paris ORY'),
(56, 'Air Algerie', '4bd229', '09:45:00', '12:15:00', '02:30:00', 130, '2023-06-19', 'Alger', 'Marseille'),
(57, 'Air France', '412786', '11:00:00', '14:30:00', '03:30:00', 175, '2023-06-19', 'Oran', 'Lyon'),
(58, 'Air Algerie', '51a873', '12:30:00', '15:00:00', '02:30:00', 120, '2023-06-20', 'Annaba', 'Toulouse'),
(59, 'Air France', '577518', '14:00:00', '17:00:00', '03:00:00', 200, '2023-06-20', 'Alger', 'Nice'),
(60, 'Air Algerie', 'ba1996', '16:15:00', '18:45:00', '02:30:00', 140, '2023-06-20', 'Oran', 'Bordeaux'),
(61, 'Air France', 'e3a269', '18:00:00', '21:00:00', '03:00:00', 180, '2023-06-21', 'Annaba', 'Marseille'),
(62, 'Air Algerie', '1b0147', '20:30:00', '23:00:00', '02:30:00', 125, '2023-06-21', 'Alger', 'Nice'),
(63, 'Air France', '6d2372', '08:30:00', '11:00:00', '02:30:00', 170, '2023-06-21', 'Alger', 'Paris ORY'),
(64, 'Air France', 'aec749', '08:30:00', '11:00:00', '02:30:00', 150, '2023-06-22', 'Paris CDG', 'Alger'),
(65, 'Air Algerie', 'd75880', '09:45:00', '12:15:00', '02:30:00', 130, '2023-06-22', 'Marseille', 'Bejaia'),
(66, 'Air France', '074989', '11:00:00', '14:30:00', '03:30:00', 175, '2023-06-22', 'Lyon', 'Alger'),
(67, 'Air Algerie', 'c27878', '12:30:00', '15:00:00', '02:30:00', 120, '2023-06-23', 'Toulouse', 'Annaba'),
(68, 'Air France', '5b8781', '14:00:00', '17:00:00', '03:00:00', 200, '2023-06-23', 'Nice', 'Alger'),
(69, 'Air Algerie', 'f18952', '16:15:00', '18:45:00', '02:30:00', 140, '2023-06-23', 'Bordeaux', 'Oran'),
(70, 'Air France', '46f054', '18:00:00', '21:00:00', '03:00:00', 180, '2023-06-24', 'Lille', 'Marseille'),
(71, 'Air Algerie', '7b2460', '20:30:00', '23:00:00', '02:30:00', 125, '2023-06-24', 'Alger', 'Nice'),
(72, 'Air France', '17e267', '08:30:00', '11:00:00', '02:30:00', 170, '2023-06-24', 'Alger', 'Paris ORY'),
(73, 'Air France', '2a9927', '08:30:00', '11:00:00', '02:30:00', 150, '2023-06-25', 'Alger', 'Paris ORY'),
(74, 'Air Algerie', '1d7227', '09:45:00', '12:15:00', '02:30:00', 130, '2023-06-25', 'Alger', 'Marseille'),
(75, 'Air France', 'e7d973', '11:00:00', '14:30:00', '03:30:00', 175, '2023-06-25', 'Oran', 'Lyon'),
(76, 'Air Algerie', '454438', '12:30:00', '15:00:00', '02:30:00', 120, '2023-06-26', 'Annaba', 'Toulouse'),
(77, 'Air France', '5af575', '14:00:00', '17:00:00', '03:00:00', 200, '2023-06-26', 'Alger', 'Nice'),
(78, 'Air Algerie', '549993', '16:15:00', '18:45:00', '02:30:00', 140, '2023-06-26', 'Oran', 'Bordeaux'),
(79, 'Air France', 'cc8696', '18:00:00', '21:00:00', '03:00:00', 180, '2023-06-27', 'Annaba', 'Marseille'),
(80, 'Air Algerie', '982292', '20:30:00', '23:00:00', '02:30:00', 125, '2023-06-27', 'Alger', 'Nice'),
(81, 'Air France', 'd85285', '08:30:00', '11:00:00', '02:30:00', 170, '2023-06-27', 'Alger', 'Paris ORY'),
(82, 'Air France', '426797', '08:30:00', '11:00:00', '02:30:00', 150, '2023-06-28', 'Paris CDG', 'Alger'),
(83, 'Air Algerie', '9f6579', '09:45:00', '12:15:00', '02:30:00', 130, '2023-06-28', 'Marseille', 'Bejaia'),
(84, 'Air France', 'e4e835', '11:00:00', '14:30:00', '03:30:00', 175, '2023-06-28', 'Lyon', 'Alger'),
(85, 'Air Algerie', '585653', '12:30:00', '15:00:00', '02:30:00', 120, '2023-06-29', 'Toulouse', 'Annaba'),
(86, 'Air France', '1ac897', '14:00:00', '17:00:00', '03:00:00', 200, '2023-06-29', 'Nice', 'Alger'),
(87, 'Air Algerie', '369174', '16:15:00', '18:45:00', '02:30:00', 140, '2023-06-29', 'Bordeaux', 'Oran'),
(88, 'Air France', 'f5a236', '18:00:00', '21:00:00', '03:00:00', 180, '2023-06-30', 'Lille', 'Alger'),
(89, 'Air Algerie', '416924', '20:30:00', '23:00:00', '02:30:00', 125, '2023-06-30', 'Alger', 'Nice'),
(90, 'Air France', '7ea434', '08:30:00', '11:00:00', '02:30:00', 170, '2023-06-30', 'Alger', 'Paris ORY'),
(91, 'Air France', 'a61943', '08:30:00', '11:00:00', '02:30:00', 150, '2023-07-01', 'Béjaia', 'Paris ORY'),
(92, 'Air Algerie', '141013', '09:45:00', '12:15:00', '02:30:00', 130, '2023-07-01', 'Constantine', 'Marseille'),
(93, 'Air France', 'a6c764', '11:00:00', '14:30:00', '03:30:00', 175, '2023-07-01', 'Oran', 'Lyon'),
(94, 'Air Algerie', 'de0402', '12:30:00', '15:00:00', '02:30:00', 120, '2023-07-02', 'Annaba', 'Toulouse'),
(95, 'Air France', 'ee8768', '14:00:00', '17:00:00', '03:00:00', 200, '2023-07-02', 'Alger', 'Nice'),
(96, 'Air Algerie', '0ae972', '16:15:00', '18:45:00', '02:30:00', 140, '2023-07-02', 'Oran', 'Bordeaux'),
(97, 'Air France', '8d8558', '18:00:00', '21:00:00', '03:00:00', 180, '2023-07-03', 'Annaba', 'Marseille'),
(98, 'Air Algerie', '6fd857', '20:30:00', '23:00:00', '02:30:00', 125, '2023-07-03', 'Alger', 'Nice'),
(99, 'Air France', '2b1261', '08:30:00', '11:00:00', '02:30:00', 170, '2023-07-03', 'Alger', 'Paris ORY'),
(100, 'Air France', '2d6248', '08:30:00', '11:00:00', '02:30:00', 150, '2023-07-04', 'Paris CDG', 'Béjaia'),
(101, 'Air Algerie', '37f369', '09:45:00', '12:15:00', '02:30:00', 130, '2023-07-04', 'Marseille', 'Constantine'),
(102, 'Air France', 'd52786', '11:00:00', '14:30:00', '03:30:00', 175, '2023-07-04', 'Lyon', 'Oran'),
(103, 'Air Algerie', 'a63615', '12:30:00', '15:00:00', '02:30:00', 120, '2023-07-05', 'Toulouse', 'Annaba'),
(104, 'Air France', '0a0609', '14:00:00', '17:00:00', '03:00:00', 200, '2023-07-05', 'Nice', 'Alger'),
(105, 'Air Algerie', '690035', '16:15:00', '18:45:00', '02:30:00', 140, '2023-07-05', 'Bordeaux', 'Oran'),
(106, 'Air France', '9cc201', '18:00:00', '21:00:00', '03:00:00', 180, '2023-07-06', 'Marseille', 'Annaba'),
(107, 'Air Algerie', '6bd501', '20:30:00', '23:00:00', '02:30:00', 125, '2023-07-06', 'Nice', 'Alger'),
(108, 'Air France', '9ac717', '08:30:00', '11:00:00', '02:30:00', 170, '2023-07-06', 'Paris CDG', 'Alger'),
(109, 'Air France', '682118', '08:30:00', '11:00:00', '02:30:00', 150, '2023-07-07', 'Alger', 'Paris ORY'),
(110, 'Air Algerie', '07e786', '09:45:00', '12:15:00', '02:30:00', 130, '2023-07-07', 'Alger', 'Marseille'),
(111, 'Air France', '9c0876', '11:00:00', '14:30:00', '03:30:00', 175, '2023-07-07', 'Oran', 'Lyon'),
(112, 'Air Algerie', 'c6e570', '12:30:00', '15:00:00', '02:30:00', 120, '2023-07-08', 'Annaba', 'Toulouse'),
(113, 'Air France', '4f4962', '14:00:00', '17:00:00', '03:00:00', 200, '2023-07-08', 'Alger', 'Nice'),
(114, 'Air Algerie', '8e8139', '16:15:00', '18:45:00', '02:30:00', 140, '2023-07-08', 'Oran', 'Bordeaux'),
(115, 'Air France', '5f8000', '18:00:00', '21:00:00', '03:00:00', 180, '2023-07-09', 'Annaba', 'Marseille'),
(116, 'Air Algerie', '4e2751', '20:30:00', '23:00:00', '02:30:00', 125, '2023-07-09', 'Alger', 'Nice'),
(117, 'Air France', '2b3280', '08:30:00', '11:00:00', '02:30:00', 170, '2023-07-09', 'Alger', 'Paris ORY'),
(118, 'Air France', '0c2558', '08:30:00', '11:00:00', '02:30:00', 150, '2023-07-10', 'Paris CDG', 'Alger'),
(119, 'Air Algerie', 'd7b095', '09:45:00', '12:15:00', '02:30:00', 130, '2023-07-10', 'Marseille', 'Bejaia'),
(120, 'Air France', 'f77787', '11:00:00', '14:30:00', '03:30:00', 175, '2023-07-10', 'Lyon', 'Alger'),
(121, 'Air Algerie', '0ec107', '12:30:00', '15:00:00', '02:30:00', 120, '2023-07-11', 'Toulouse', 'Annaba'),
(122, 'Air France', '712949', '14:00:00', '17:00:00', '03:00:00', 200, '2023-07-11', 'Nice', 'Alger'),
(123, 'Air Algerie', '388078', '16:15:00', '18:45:00', '02:30:00', 140, '2023-07-11', 'Bordeaux', 'Oran'),
(124, 'Air France', '5dd945', '18:00:00', '21:00:00', '03:00:00', 180, '2023-07-12', 'Lille', 'Marseille'),
(125, 'Air Algerie', 'ddc259', '20:30:00', '23:00:00', '02:30:00', 125, '2023-07-12', 'Alger', 'Nice'),
(126, 'Air France', 'd07422', '08:30:00', '11:00:00', '02:30:00', 170, '2023-07-12', 'Alger', 'Paris ORY'),
(127, 'Air France', 'cce699', '08:30:00', '11:00:00', '02:30:00', 150, '2023-07-13', 'Alger', 'Paris ORY'),
(128, 'Air Algerie', '19e475', '09:45:00', '12:15:00', '02:30:00', 130, '2023-07-13', 'Alger', 'Marseille'),
(129, 'Air France', '6dc737', '11:00:00', '14:30:00', '03:30:00', 175, '2023-07-13', 'Oran', 'Lyon'),
(130, 'Air Algerie', 'fdf733', '12:30:00', '15:00:00', '02:30:00', 120, '2023-07-14', 'Annaba', 'Toulouse'),
(131, 'Air France', 'b2d307', '14:00:00', '17:00:00', '03:00:00', 200, '2023-07-14', 'Alger', 'Nice'),
(132, 'Air Algerie', 'a34241', '16:15:00', '18:45:00', '02:30:00', 140, '2023-07-14', 'Oran', 'Bordeaux'),
(133, 'Air France', '027823', '18:00:00', '21:00:00', '03:00:00', 180, '2023-07-15', 'Annaba', 'Marseille'),
(134, 'Air Algerie', '19c473', '20:30:00', '23:00:00', '02:30:00', 125, '2023-07-15', 'Alger', 'Nice'),
(135, 'Air France', 'df3578', '08:30:00', '11:00:00', '02:30:00', 170, '2023-07-15', 'Alger', 'Paris ORY'),
(136, 'Air France', '010735', '08:30:00', '11:00:00', '02:30:00', 150, '2023-07-16', 'Paris CDG', 'Alger'),
(137, 'Air Algerie', '972769', '09:45:00', '12:15:00', '02:30:00', 130, '2023-07-16', 'Marseille', 'Bejaia'),
(138, 'Air France', '7f1008', '11:00:00', '14:30:00', '03:30:00', 175, '2023-07-16', 'Lyon', 'Alger'),
(139, 'Air Algerie', 'b83232', '12:30:00', '15:00:00', '02:30:00', 120, '2023-07-17', 'Toulouse', 'Annaba'),
(140, 'Air France', '35d334', '14:00:00', '17:00:00', '03:00:00', 200, '2023-07-17', 'Nice', 'Alger'),
(141, 'Air Algerie', '86e264', '16:15:00', '18:45:00', '02:30:00', 140, '2023-07-17', 'Bordeaux', 'Oran'),
(142, 'Air France', '52a017', '18:00:00', '21:00:00', '03:00:00', 180, '2023-07-18', 'Lille', 'Marseille'),
(143, 'Air Algerie', '2f4942', '20:30:00', '23:00:00', '02:30:00', 125, '2023-07-18', 'Alger', 'Nice'),
(144, 'Air France', 'aa8752', '08:30:00', '11:00:00', '02:30:00', 170, '2023-07-18', 'Alger', 'Paris ORY'),
(145, 'Air France', '6ca824', '08:30:00', '11:00:00', '02:30:00', 150, '2023-07-19', 'Alger', 'Paris ORY'),
(146, 'Air Algerie', '349892', '09:45:00', '12:15:00', '02:30:00', 130, '2023-07-19', 'Alger', 'Marseille'),
(147, 'Air France', 'cf7537', '11:00:00', '14:30:00', '03:30:00', 175, '2023-07-19', 'Oran', 'Lyon'),
(148, 'Air Algerie', '173173', '12:30:00', '15:00:00', '02:30:00', 120, '2023-07-20', 'Annaba', 'Toulouse'),
(149, 'Air France', '088454', '14:00:00', '17:00:00', '03:00:00', 200, '2023-07-20', 'Alger', 'Nice'),
(150, 'Air Algerie', '9c8082', '16:15:00', '18:45:00', '02:30:00', 140, '2023-07-20', 'Oran', 'Bordeaux'),
(151, 'Air France', '451478', '18:00:00', '21:00:00', '03:00:00', 180, '2023-07-21', 'Annaba', 'Marseille'),
(152, 'Air Algerie', '5f2354', '20:30:00', '23:00:00', '02:30:00', 125, '2023-07-21', 'Alger', 'Nice'),
(153, 'Air France', '7ec418', '08:30:00', '11:00:00', '02:30:00', 170, '2023-07-21', 'Alger', 'Paris ORY'),
(154, 'Air France', '911755', '08:30:00', '11:00:00', '02:30:00', 150, '2023-07-22', 'Paris CDG', 'Alger'),
(155, 'Air Algerie', '315593', '09:45:00', '12:15:00', '02:30:00', 130, '2023-07-22', 'Marseille', 'Bejaia'),
(156, 'Air France', '41b473', '11:00:00', '14:30:00', '03:30:00', 175, '2023-07-22', 'Lyon', 'Alger'),
(157, 'Air Algerie', 'bf3664', '12:30:00', '15:00:00', '02:30:00', 120, '2023-07-23', 'Toulouse', 'Annaba'),
(158, 'Air France', 'b73363', '14:00:00', '17:00:00', '03:00:00', 200, '2023-07-23', 'Nice', 'Alger'),
(159, 'Air Algerie', '863931', '16:15:00', '18:45:00', '02:30:00', 140, '2023-07-23', 'Bordeaux', 'Oran'),
(160, 'Air France', '117423', '18:00:00', '21:00:00', '03:00:00', 180, '2023-07-24', 'Béjaia', 'Marseille'),
(161, 'Air Algerie', '3e4665', '20:30:00', '23:00:00', '02:30:00', 125, '2023-07-24', 'Alger', 'Nice'),
(162, 'Air France', '321827', '08:30:00', '11:00:00', '02:30:00', 170, '2023-07-24', 'Alger', 'Paris ORY'),
(163, 'Air France', '066730', '08:30:00', '11:00:00', '02:30:00', 150, '2023-07-25', 'Alger', 'Paris ORY'),
(164, 'Air Algerie', 'fa0426', '09:45:00', '12:15:00', '02:30:00', 130, '2023-07-25', 'Alger', 'Marseille'),
(165, 'Air France', 'a2d526', '11:00:00', '14:30:00', '03:30:00', 175, '2023-07-25', 'Oran', 'Lyon'),
(166, 'Air Algerie', '8b8166', '12:30:00', '15:00:00', '02:30:00', 120, '2023-07-26', 'Annaba', 'Toulouse'),
(167, 'Air France', 'bb3424', '14:00:00', '17:00:00', '03:00:00', 200, '2023-07-26', 'Alger', 'Nice'),
(168, 'Air Algerie', 'c70561', '16:15:00', '18:45:00', '02:30:00', 140, '2023-07-26', 'Oran', 'Bordeaux'),
(169, 'Air France', '12f855', '18:00:00', '21:00:00', '03:00:00', 180, '2023-07-27', 'Annaba', 'Marseille'),
(170, 'Air Algerie', '5b0199', '20:30:00', '23:00:00', '02:30:00', 125, '2023-07-27', 'Alger', 'Nice'),
(171, 'Air France', '53e098', '08:30:00', '11:00:00', '02:30:00', 170, '2023-07-27', 'Alger', 'Paris ORY'),
(172, 'Air France', '48a075', '08:30:00', '11:00:00', '02:30:00', 150, '2023-07-28', 'Paris CDG', 'Alger'),
(173, 'Air Algerie', '4c0538', '09:45:00', '12:15:00', '02:30:00', 130, '2023-07-28', 'Marseille', 'Bejaia'),
(174, 'Air France', 'b1f548', '11:00:00', '14:30:00', '03:30:00', 175, '2023-07-28', 'Lyon', 'Alger'),
(175, 'Air Algerie', '998578', '12:30:00', '15:00:00', '02:30:00', 120, '2023-07-29', 'Toulouse', 'Annaba'),
(176, 'Air France', 'c69049', '14:00:00', '17:00:00', '03:00:00', 200, '2023-07-29', 'Nice', 'Alger'),
(177, 'Air Algerie', '279727', '16:15:00', '18:45:00', '02:30:00', 140, '2023-07-29', 'Bordeaux', 'Oran'),
(178, 'Air France', '4bf380', '18:00:00', '21:00:00', '03:00:00', 180, '2023-07-30', 'Lille', 'Alger'),
(179, 'Air Algerie', '9c4682', '20:30:00', '23:00:00', '02:30:00', 125, '2023-07-30', 'Alger', 'Nice'),
(180, 'Air France', '93b541', '08:30:00', '11:00:00', '02:30:00', 170, '2023-07-30', 'Alger', 'Paris ORY'),
(181, 'Air France', '180153', '08:30:00', '11:00:00', '02:30:00', 150, '2023-07-31', 'Béjaia', 'Paris ORY'),
(182, 'Air Algerie', '68c033', '09:45:00', '12:15:00', '02:30:00', 130, '2023-07-31', 'Constantine', 'Marseille'),
(183, 'Air France', '148256', '11:00:00', '14:30:00', '03:30:00', 175, '2023-07-31', 'Oran', 'Lyon'),
(184, 'Air France', 'a1e566', '08:30:00', '11:00:00', '02:30:00', 150, '2023-08-01', 'Béjaia', 'Paris ORY'),
(185, 'Air Algerie', 'ac7455', '09:45:00', '12:15:00', '02:30:00', 130, '2023-08-01', 'Constantine', 'Marseille'),
(186, 'Air France', 'f8a561', '11:00:00', '14:30:00', '03:30:00', 175, '2023-08-01', 'Oran', 'Lyon'),
(187, 'Air Algerie', 'f7f572', '12:30:00', '15:00:00', '02:30:00', 120, '2023-08-02', 'Annaba', 'Toulouse'),
(188, 'Air France', '4af819', '14:00:00', '17:00:00', '03:00:00', 200, '2023-08-02', 'Alger', 'Nice'),
(189, 'Air Algerie', '9ca414', '16:15:00', '18:45:00', '02:30:00', 140, '2023-08-02', 'Oran', 'Bordeaux'),
(190, 'Air France', 'a7c500', '18:00:00', '21:00:00', '03:00:00', 180, '2023-08-03', 'Annaba', 'Marseille'),
(191, 'Air Algerie', 'f38787', '20:30:00', '23:00:00', '02:30:00', 125, '2023-08-03', 'Alger', 'Nice'),
(192, 'Air France', 'f1d455', '08:30:00', '11:00:00', '02:30:00', 170, '2023-08-03', 'Alger', 'Paris ORY'),
(193, 'Air France', '293572', '08:30:00', '11:00:00', '02:30:00', 150, '2023-08-04', 'Paris CDG', 'Béjaia'),
(194, 'Air Algerie', 'e38767', '09:45:00', '12:15:00', '02:30:00', 130, '2023-08-04', 'Marseille', 'Constantine'),
(195, 'Air France', 'f05436', '11:00:00', '14:30:00', '03:30:00', 175, '2023-08-04', 'Lyon', 'Oran'),
(196, 'Air Algerie', 'e35384', '12:30:00', '15:00:00', '02:30:00', 120, '2023-08-05', 'Toulouse', 'Annaba'),
(197, 'Air France', '96d372', '14:00:00', '17:00:00', '03:00:00', 200, '2023-08-05', 'Nice', 'Alger'),
(198, 'Air Algerie', 'ee0613', '16:15:00', '18:45:00', '02:30:00', 140, '2023-08-05', 'Bordeaux', 'Oran'),
(199, 'Air France', 'da8301', '18:00:00', '21:00:00', '03:00:00', 180, '2023-08-06', 'Marseille', 'Annaba'),
(200, 'Air Algerie', '1d1206', '20:30:00', '23:00:00', '02:30:00', 125, '2023-08-06', 'Nice', 'Alger'),
(201, 'Air France', '717209', '08:30:00', '11:00:00', '02:30:00', 170, '2023-08-06', 'Paris CDG', 'Alger'),
(202, 'Air France', '76f128', '08:30:00', '11:00:00', '02:30:00', 150, '2023-08-07', 'Alger', 'Paris ORY'),
(203, 'Air Algerie', 'b10544', '09:45:00', '12:15:00', '02:30:00', 130, '2023-08-07', 'Alger', 'Marseille'),
(204, 'Air France', 'a40197', '11:00:00', '14:30:00', '03:30:00', 175, '2023-08-07', 'Oran', 'Lyon'),
(205, 'Air Algerie', '9e0841', '12:30:00', '15:00:00', '02:30:00', 120, '2023-08-08', 'Annaba', 'Toulouse'),
(206, 'Air France', '326215', '14:00:00', '17:00:00', '03:00:00', 200, '2023-08-08', 'Alger', 'Nice'),
(207, 'Air Algerie', '783524', '16:15:00', '18:45:00', '02:30:00', 140, '2023-08-08', 'Oran', 'Bordeaux'),
(208, 'Air France', '1e0022', '18:00:00', '21:00:00', '03:00:00', 180, '2023-08-09', 'Annaba', 'Marseille'),
(209, 'Air Algerie', '3da712', '20:30:00', '23:00:00', '02:30:00', 125, '2023-08-09', 'Alger', 'Nice'),
(210, 'Air France', 'b73336', '08:30:00', '11:00:00', '02:30:00', 170, '2023-08-09', 'Alger', 'Paris ORY'),
(211, 'Air France', '385985', '08:30:00', '11:00:00', '02:30:00', 150, '2023-08-10', 'Paris CDG', 'Alger'),
(212, 'Air Algerie', '89a694', '09:45:00', '12:15:00', '02:30:00', 130, '2023-08-10', 'Marseille', 'Bejaia'),
(213, 'Air France', '996316', '11:00:00', '14:30:00', '03:30:00', 175, '2023-08-10', 'Lyon', 'Alger'),
(214, 'Air Algerie', 'cb7766', '12:30:00', '15:00:00', '02:30:00', 120, '2023-08-11', 'Toulouse', 'Annaba'),
(215, 'Air France', 'dce706', '14:00:00', '17:00:00', '03:00:00', 200, '2023-08-11', 'Nice', 'Alger'),
(216, 'Air Algerie', '122531', '16:15:00', '18:45:00', '02:30:00', 140, '2023-08-11', 'Bordeaux', 'Oran'),
(217, 'Air France', '012731', '18:00:00', '21:00:00', '03:00:00', 180, '2023-08-12', 'Lille', 'Marseille'),
(218, 'Air Algerie', '15b126', '20:30:00', '23:00:00', '02:30:00', 125, '2023-08-12', 'Alger', 'Nice'),
(219, 'Air France', '155821', '08:30:00', '11:00:00', '02:30:00', 170, '2023-08-12', 'Alger', 'Paris ORY'),
(220, 'Air France', '211466', '08:30:00', '11:00:00', '02:30:00', 150, '2023-08-13', 'Alger', 'Paris ORY'),
(221, 'Air Algerie', '9c8467', '09:45:00', '12:15:00', '02:30:00', 130, '2023-08-13', 'Alger', 'Marseille'),
(222, 'Air France', 'a42694', '11:00:00', '14:30:00', '03:30:00', 175, '2023-08-13', 'Oran', 'Lyon'),
(223, 'Air Algerie', '2ca985', '12:30:00', '15:00:00', '02:30:00', 120, '2023-08-14', 'Annaba', 'Toulouse'),
(224, 'Air France', 'fb7469', '14:00:00', '17:00:00', '03:00:00', 200, '2023-08-14', 'Alger', 'Nice'),
(225, 'Air Algerie', '9cd048', '16:15:00', '18:45:00', '02:30:00', 140, '2023-08-14', 'Oran', 'Bordeaux'),
(226, 'Air France', '58f688', '18:00:00', '21:00:00', '03:00:00', 180, '2023-08-15', 'Annaba', 'Marseille'),
(227, 'Air Algerie', '7e1658', '20:30:00', '23:00:00', '02:30:00', 125, '2023-08-15', 'Alger', 'Nice'),
(228, 'Air France', '81e303', '08:30:00', '11:00:00', '02:30:00', 170, '2023-08-15', 'Alger', 'Paris ORY'),
(229, 'Air France', '412851', '08:30:00', '11:00:00', '02:30:00', 150, '2023-08-16', 'Paris CDG', 'Alger'),
(230, 'Air Algerie', '31d449', '09:45:00', '12:15:00', '02:30:00', 130, '2023-08-16', 'Marseille', 'Bejaia'),
(231, 'Air France', 'f1c873', '11:00:00', '14:30:00', '03:30:00', 175, '2023-08-16', 'Lyon', 'Alger'),
(232, 'Air Algerie', '5ac545', '12:30:00', '15:00:00', '02:30:00', 120, '2023-08-17', 'Toulouse', 'Annaba'),
(233, 'Air France', '3a9506', '14:00:00', '17:00:00', '03:00:00', 200, '2023-08-17', 'Nice', 'Alger'),
(234, 'Air Algerie', 'de5710', '16:15:00', '18:45:00', '02:30:00', 140, '2023-08-17', 'Bordeaux', 'Oran'),
(235, 'Air France', 'b3a938', '18:00:00', '21:00:00', '03:00:00', 180, '2023-08-18', 'Lille', 'Marseille'),
(236, 'Air Algerie', '8c7446', '20:30:00', '23:00:00', '02:30:00', 125, '2023-08-18', 'Alger', 'Nice'),
(237, 'Air France', '48c027', '08:30:00', '11:00:00', '02:30:00', 170, '2023-08-18', 'Alger', 'Paris ORY'),
(238, 'Air France', 'dd0512', '08:30:00', '11:00:00', '02:30:00', 150, '2023-08-19', 'Alger', 'Paris ORY'),
(239, 'Air Algerie', '6ab495', '09:45:00', '12:15:00', '02:30:00', 130, '2023-08-19', 'Alger', 'Marseille'),
(240, 'Air France', 'ad2799', '11:00:00', '14:30:00', '03:30:00', 175, '2023-08-19', 'Oran', 'Lyon'),
(241, 'Air Algerie', '396724', '12:30:00', '15:00:00', '02:30:00', 120, '2023-08-20', 'Annaba', 'Toulouse'),
(242, 'Air France', '2df569', '14:00:00', '17:00:00', '03:00:00', 200, '2023-08-20', 'Alger', 'Nice'),
(243, 'Air Algerie', 'c0c297', '16:15:00', '18:45:00', '02:30:00', 140, '2023-08-20', 'Oran', 'Bordeaux'),
(245, 'Air France', '8ab535', '18:00:00', '21:00:00', '03:00:00', 180, '2023-08-21', 'Annaba', 'Marseille'),
(246, 'Air Algerie', '9dc490', '20:30:00', '23:00:00', '02:30:00', 125, '2023-08-21', 'Alger', 'Nice'),
(247, 'Air France', '1be504', '08:30:00', '11:00:00', '02:30:00', 170, '2023-08-21', 'Alger', 'Paris ORY'),
(248, 'Air France', '407160', '08:30:00', '11:00:00', '02:30:00', 150, '2023-08-22', 'Paris CDG', 'Alger'),
(249, 'Air Algerie', '638517', '09:45:00', '12:15:00', '02:30:00', 130, '2023-08-22', 'Marseille', 'Bejaia'),
(250, 'Air France', '493382', '11:00:00', '14:30:00', '03:30:00', 175, '2023-08-22', 'Lyon', 'Alger'),
(251, 'Air Algerie', 'dce608', '12:30:00', '15:00:00', '02:30:00', 120, '2023-08-23', 'Toulouse', 'Annaba'),
(252, 'Air France', '2cb128', '14:00:00', '17:00:00', '03:00:00', 200, '2023-08-23', 'Nice', 'Alger'),
(253, 'Air Algerie', 'a67962', '16:15:00', '18:45:00', '02:30:00', 140, '2023-08-23', 'Bordeaux', 'Oran'),
(254, 'Air France', '2ef123', '18:00:00', '21:00:00', '03:00:00', 180, '2023-08-24', 'Lille', 'Marseille'),
(255, 'Air Algerie', 'e09688', '20:30:00', '23:00:00', '02:30:00', 125, '2023-08-24', 'Alger', 'Nice'),
(256, 'Air France', '247966', '08:30:00', '11:00:00', '02:30:00', 170, '2023-08-24', 'Alger', 'Paris ORY'),
(257, 'Air France', 'ef2176', '08:30:00', '11:00:00', '02:30:00', 150, '2023-08-25', 'Alger', 'Paris ORY'),
(258, 'Air Algerie', '809642', '09:45:00', '12:15:00', '02:30:00', 130, '2023-08-25', 'Alger', 'Marseille'),
(259, 'Air France', '397622', '11:00:00', '14:30:00', '03:30:00', 175, '2023-08-25', 'Oran', 'Lyon'),
(260, 'Air Algerie', 'eae051', '12:30:00', '15:00:00', '02:30:00', 120, '2023-08-26', 'Annaba', 'Toulouse'),
(261, 'Air France', '69e364', '14:00:00', '17:00:00', '03:00:00', 200, '2023-08-26', 'Alger', 'Nice'),
(262, 'Air Algerie', '20c473', '16:15:00', '18:45:00', '02:30:00', 140, '2023-08-26', 'Oran', 'Bordeaux'),
(263, 'Air France', 'eb7717', '18:00:00', '21:00:00', '03:00:00', 180, '2023-08-27', 'Annaba', 'Marseille'),
(264, 'Air Algerie', 'a10371', '20:30:00', '23:00:00', '02:30:00', 125, '2023-08-27', 'Alger', 'Nice'),
(265, 'Air France', 'c76598', '08:30:00', '11:00:00', '02:30:00', 170, '2023-08-27', 'Alger', 'Paris ORY'),
(266, 'Air France', '04e035', '08:30:00', '11:00:00', '02:30:00', 150, '2023-08-28', 'Paris CDG', 'Alger'),
(267, 'Air Algerie', 'ea5287', '09:45:00', '12:15:00', '02:30:00', 130, '2023-08-28', 'Marseille', 'Bejaia'),
(268, 'Air France', '05e145', '11:00:00', '14:30:00', '03:30:00', 175, '2023-08-28', 'Lyon', 'Alger'),
(269, 'Air Algerie', '8c2168', '12:30:00', '15:00:00', '02:30:00', 120, '2023-08-29', 'Toulouse', 'Annaba'),
(270, 'Air France', '98b893', '14:00:00', '17:00:00', '03:00:00', 200, '2023-08-29', 'Nice', 'Alger'),
(271, 'Air Algerie', 'a5f457', '16:15:00', '18:45:00', '02:30:00', 140, '2023-08-29', 'Bordeaux', 'Oran'),
(272, 'Air France', '91a654', '18:00:00', '21:00:00', '03:00:00', 180, '2023-08-30', 'Lille', 'Alger'),
(273, 'Air Algerie', '1a7322', '20:30:00', '23:00:00', '02:30:00', 125, '2023-08-30', 'Alger', 'Nice'),
(274, 'Air France', '250231', '08:30:00', '11:00:00', '02:30:00', 170, '2023-08-30', 'Alger', 'Paris ORY'),
(275, 'Air France', '250502', '08:30:00', '11:00:00', '02:30:00', 150, '2023-08-31', 'Béjaia', 'Paris ORY'),
(276, 'Air Algerie', 'ca2459', '09:45:00', '12:15:00', '02:30:00', 130, '2023-08-31', 'Constantine', 'Marseille'),
(277, 'Air France', '23a208', '11:00:00', '14:30:00', '03:30:00', 175, '2023-08-31', 'Oran', 'Lyon');

--
-- Index pour les tables déchargées
--

--
-- Index pour la table `Aeroports`
--
ALTER TABLE `Aeroports`
  ADD PRIMARY KEY (`Id_Aero`);

--
-- Index pour la table `associer`
--
ALTER TABLE `associer`
  ADD PRIMARY KEY (`Id_Vol`);

--
-- Index pour la table `Reservations`
--
ALTER TABLE `Reservations`
  ADD PRIMARY KEY (`Id_Reserv`),
  ADD KEY `Reservations_Vols0_FK` (`Id_Vol`),
  ADD KEY `Reservations_Utilisateurs1_FK` (`Id_Utilis`);

--
-- Index pour la table `Utilisateurs`
--
ALTER TABLE `Utilisateurs`
  ADD PRIMARY KEY (`Id_Utilis`);

--
-- Index pour la table `Vols`
--
ALTER TABLE `Vols`
  ADD PRIMARY KEY (`Id_Vol`);

--
-- AUTO_INCREMENT pour les tables déchargées
--

--
-- AUTO_INCREMENT pour la table `Aeroports`
--
ALTER TABLE `Aeroports`
  MODIFY `Id_Aero` int(11) NOT NULL AUTO_INCREMENT, AUTO_INCREMENT=46;

--
-- AUTO_INCREMENT pour la table `Reservations`
--
ALTER TABLE `Reservations`
  MODIFY `Id_Reserv` int(11) NOT NULL AUTO_INCREMENT, AUTO_INCREMENT=133;

--
-- AUTO_INCREMENT pour la table `Utilisateurs`
--
ALTER TABLE `Utilisateurs`
  MODIFY `Id_Utilis` int(11) NOT NULL AUTO_INCREMENT, AUTO_INCREMENT=24;

--
-- AUTO_INCREMENT pour la table `Vols`
--
ALTER TABLE `Vols`
  MODIFY `Id_Vol` int(11) NOT NULL AUTO_INCREMENT, AUTO_INCREMENT=278;
COMMIT;

/*!40101 SET CHARACTER_SET_CLIENT=@OLD_CHARACTER_SET_CLIENT */;
/*!40101 SET CHARACTER_SET_RESULTS=@OLD_CHARACTER_SET_RESULTS */;
/*!40101 SET COLLATION_CONNECTION=@OLD_COLLATION_CONNECTION */;
